-- =====================================================
-- WORKFLOW MANAGEMENT SYSTEM - SAMPLE DATA (H2 Database)
-- =====================================================

------------------------------------------------------------
-- USERS
------------------------------------------------------------
INSERT INTO WORKFLOW_USER (USER_ID, USERNAME, FIRST_NAME, LAST_NAME, EMAIL, ESCALATION_TO, IS_ACTIVE, IS_ADMIN, CREATED_BY, CREATED_ON)
VALUES (1, 'alice', 'Alice', 'Smith', 'alice@example.com', NULL, 'Y', 'Y', 'system', CURRENT_TIMESTAMP);

INSERT INTO WORKFLOW_USER (USER_ID, USERNAME, FIRST_NAME, LAST_NAME, EMAIL, ESCALATION_TO, IS_ACTIVE, IS_ADMIN, CREATED_BY, CREATED_ON)
VALUES (2, 'bob', 'Bob', 'Johnson', 'bob@example.com', 1, 'Y', 'N', 'system', CURRENT_TIMESTAMP);

INSERT INTO WORKFLOW_USER (USER_ID, USERNAME, FIRST_NAME, LAST_NAME, EMAIL, ESCALATION_TO, IS_ACTIVE, IS_ADMIN, CREATED_BY, CREATED_ON)
VALUES (3, 'carol', 'Carol', 'Williams', 'carol@example.com', 2, 'Y', 'N', 'system', CURRENT_TIMESTAMP);

INSERT INTO WORKFLOW_USER (USER_ID, USERNAME, FIRST_NAME, LAST_NAME, EMAIL, ESCALATION_TO, IS_ACTIVE, IS_ADMIN, CREATED_BY, CREATED_ON)
VALUES (4, 'david', 'David', 'Brown', 'david@example.com', 3, 'Y', 'N', 'system', CURRENT_TIMESTAMP);

INSERT INTO WORKFLOW_USER (USER_ID, USERNAME, FIRST_NAME, LAST_NAME, EMAIL, ESCALATION_TO, IS_ACTIVE, IS_ADMIN, CREATED_BY, CREATED_ON)
VALUES (5, 'eve', 'Eve', 'Davis', 'eve@example.com', 4, 'Y', 'N', 'system', CURRENT_TIMESTAMP);

INSERT INTO WORKFLOW_USER (USER_ID, USERNAME, FIRST_NAME, LAST_NAME, EMAIL, ESCALATION_TO, IS_ACTIVE, IS_ADMIN, CREATED_BY, CREATED_ON)
VALUES (6, 'frank', 'Frank', 'Miller', 'frank@example.com', 5, 'Y', 'N', 'system', CURRENT_TIMESTAMP);

INSERT INTO WORKFLOW_USER (USER_ID, USERNAME, FIRST_NAME, LAST_NAME, EMAIL, ESCALATION_TO, IS_ACTIVE, IS_ADMIN, CREATED_BY, CREATED_ON)
VALUES (7, 'grace', 'Grace', 'Wilson', 'grace@example.com', 6, 'Y', 'N', 'system', CURRENT_TIMESTAMP);

------------------------------------------------------------
-- ROLES
------------------------------------------------------------
INSERT INTO WORKFLOW_ROLE (ROLE_ID, ROLE_NAME, IS_ACTIVE, CREATED_BY, CREATED_ON)
VALUES (1, 'Preparer', 'Y', 'system', CURRENT_TIMESTAMP);
INSERT INTO WORKFLOW_ROLE (ROLE_ID, ROLE_NAME, IS_ACTIVE, CREATED_BY, CREATED_ON)
VALUES (2, 'Reviewer', 'Y', 'system', CURRENT_TIMESTAMP);
INSERT INTO WORKFLOW_ROLE (ROLE_ID, ROLE_NAME, IS_ACTIVE, CREATED_BY, CREATED_ON)
VALUES (3, 'Approver', 'Y', 'system', CURRENT_TIMESTAMP);
INSERT INTO WORKFLOW_ROLE (ROLE_ID, ROLE_NAME, IS_ACTIVE, CREATED_BY, CREATED_ON)
VALUES (4, 'Auditor', 'Y', 'system', CURRENT_TIMESTAMP);
INSERT INTO WORKFLOW_ROLE (ROLE_ID, ROLE_NAME, IS_ACTIVE, CREATED_BY, CREATED_ON)
VALUES (5, 'Manager', 'Y', 'system', CURRENT_TIMESTAMP);
INSERT INTO WORKFLOW_ROLE (ROLE_ID, ROLE_NAME, IS_ACTIVE, CREATED_BY, CREATED_ON)
VALUES (6, 'Coordinator', 'Y', 'system', CURRENT_TIMESTAMP);
INSERT INTO WORKFLOW_ROLE (ROLE_ID, ROLE_NAME, IS_ACTIVE, CREATED_BY, CREATED_ON)
VALUES (7, 'Process Owner', 'Y', 'system', CURRENT_TIMESTAMP);

------------------------------------------------------------
-- WORKFLOW CONFIGS
------------------------------------------------------------
INSERT INTO WORKFLOW_CONFIG (WORKFLOW_ID, NAME, DESCRIPTION, REMINDER_BEFORE_DUE_MINS, MINUTES_AFTER_DUE, ESCALATION_AFTER_MINS, DUE_IN_MINS, IS_ACTIVE, CREATED_BY, CREATED_ON)
VALUES (1, 'Monthly Finance Workflow', 'Finance reporting workflow', 15, 10, 30, 120, 'Y', 'system', CURRENT_TIMESTAMP);

INSERT INTO WORKFLOW_CONFIG (WORKFLOW_ID, NAME, DESCRIPTION, REMINDER_BEFORE_DUE_MINS, MINUTES_AFTER_DUE, ESCALATION_AFTER_MINS, DUE_IN_MINS, IS_ACTIVE, CREATED_BY, CREATED_ON)
VALUES (2, 'Quarterly Audit Workflow', 'Audit workflow for quarterly reports', 20, 15, 60, 240, 'Y', 'system', CURRENT_TIMESTAMP);

INSERT INTO WORKFLOW_CONFIG (WORKFLOW_ID, NAME, DESCRIPTION, REMINDER_BEFORE_DUE_MINS, MINUTES_AFTER_DUE, ESCALATION_AFTER_MINS, DUE_IN_MINS, IS_ACTIVE, CREATED_BY, CREATED_ON)
VALUES (3, 'Document Review Workflow', 'Document review and approval process', 30, 20, 45, 180, 'Y', 'system', CURRENT_TIMESTAMP);

INSERT INTO WORKFLOW_CONFIG (WORKFLOW_ID, NAME, DESCRIPTION, REMINDER_BEFORE_DUE_MINS, MINUTES_AFTER_DUE, ESCALATION_AFTER_MINS, DUE_IN_MINS, IS_ACTIVE, CREATED_BY, CREATED_ON)
VALUES (4, 'Invoice Processing Workflow', 'Invoice processing and payment approval', 60, 30, 90, 360, 'Y', 'system', CURRENT_TIMESTAMP);

------------------------------------------------------------
-- WORKFLOW CONFIG ROLES
------------------------------------------------------------
-- Workflow 1 roles
INSERT INTO WORKFLOW_CONFIG_ROLE (ID, WORKFLOW_ID, ROLE_ID, USER_ID, IS_ACTIVE)
VALUES (1, 1, 1, 1, 'Y'); -- Preparer Alice
INSERT INTO WORKFLOW_CONFIG_ROLE (ID, WORKFLOW_ID, ROLE_ID, USER_ID, IS_ACTIVE)
VALUES (2, 1, 2, 2, 'Y'); -- Reviewer Bob
INSERT INTO WORKFLOW_CONFIG_ROLE (ID, WORKFLOW_ID, ROLE_ID, USER_ID, IS_ACTIVE)
VALUES (3, 1, 3, 3, 'Y'); -- Approver Carol

-- Workflow 2 roles
INSERT INTO WORKFLOW_CONFIG_ROLE (ID, WORKFLOW_ID, ROLE_ID, USER_ID, IS_ACTIVE)
VALUES (4, 2, 1, 4, 'Y'); -- Preparer David
INSERT INTO WORKFLOW_CONFIG_ROLE (ID, WORKFLOW_ID, ROLE_ID, USER_ID, IS_ACTIVE)
VALUES (5, 2, 2, 5, 'Y'); -- Reviewer Eve
INSERT INTO WORKFLOW_CONFIG_ROLE (ID, WORKFLOW_ID, ROLE_ID, USER_ID, IS_ACTIVE)
VALUES (6, 2, 4, 3, 'Y'); -- Auditor Carol

-- Workflow 3 roles
INSERT INTO WORKFLOW_CONFIG_ROLE (ID, WORKFLOW_ID, ROLE_ID, USER_ID, IS_ACTIVE)
VALUES (7, 3, 1, 6, 'Y'); -- Preparer Frank
INSERT INTO WORKFLOW_CONFIG_ROLE (ID, WORKFLOW_ID, ROLE_ID, USER_ID, IS_ACTIVE)
VALUES (8, 3, 2, 7, 'Y'); -- Reviewer Grace
INSERT INTO WORKFLOW_CONFIG_ROLE (ID, WORKFLOW_ID, ROLE_ID, USER_ID, IS_ACTIVE)
VALUES (9, 3, 3, 1, 'Y'); -- Approver Alice

-- Workflow 4 roles
INSERT INTO WORKFLOW_CONFIG_ROLE (ID, WORKFLOW_ID, ROLE_ID, USER_ID, IS_ACTIVE)
VALUES (10, 4, 1, 2, 'Y'); -- Preparer Bob
INSERT INTO WORKFLOW_CONFIG_ROLE (ID, WORKFLOW_ID, ROLE_ID, USER_ID, IS_ACTIVE)
VALUES (11, 4, 2, 4, 'Y'); -- Reviewer David
INSERT INTO WORKFLOW_CONFIG_ROLE (ID, WORKFLOW_ID, ROLE_ID, USER_ID, IS_ACTIVE)
VALUES (12, 4, 5, 5, 'Y'); -- Manager Eve

-- Process Owner role assignments
INSERT INTO WORKFLOW_CONFIG_ROLE (ID, WORKFLOW_ID, ROLE_ID, USER_ID, IS_ACTIVE)
VALUES (13, 1, 7, 1, 'Y'); -- Process Owner Alice for Monthly Finance Workflow
INSERT INTO WORKFLOW_CONFIG_ROLE (ID, WORKFLOW_ID, ROLE_ID, USER_ID, IS_ACTIVE)
VALUES (14, 2, 7, 4, 'Y'); -- Process Owner David for Quarterly Audit Workflow
INSERT INTO WORKFLOW_CONFIG_ROLE (ID, WORKFLOW_ID, ROLE_ID, USER_ID, IS_ACTIVE)
VALUES (15, 3, 7, 6, 'Y'); -- Process Owner Frank for Document Review Workflow
INSERT INTO WORKFLOW_CONFIG_ROLE (ID, WORKFLOW_ID, ROLE_ID, USER_ID, IS_ACTIVE)
VALUES (16, 4, 7, 2, 'Y'); -- Process Owner Bob for Invoice Processing Workflow

------------------------------------------------------------
-- WORKFLOW CONFIG TASKS
------------------------------------------------------------
-- Workflow 1 Tasks
INSERT INTO WORKFLOW_CONFIG_TASK (TASK_ID, WORKFLOW_ID, NAME, TASK_TYPE, ROLE_ID, SEQUENCE_ORDER)
VALUES (1, 1, 'Upload Raw Data', 'FILE_UPLOAD', 1, 1);

INSERT INTO WORKFLOW_CONFIG_TASK (TASK_ID, WORKFLOW_ID, NAME, TASK_TYPE, ROLE_ID, SEQUENCE_ORDER)
VALUES (2, 1, 'Review Data', 'FILE_UPDATE', 2, 2);

INSERT INTO WORKFLOW_CONFIG_TASK (TASK_ID, WORKFLOW_ID, NAME, TASK_TYPE, ROLE_ID, SEQUENCE_ORDER)
VALUES (3, 1, 'Consolidate Report', 'CONSOLIDATE_FILES', 2, 3);

INSERT INTO WORKFLOW_CONFIG_TASK (TASK_ID, WORKFLOW_ID, NAME, TASK_TYPE, ROLE_ID, SEQUENCE_ORDER)
VALUES (4, 1, 'Approval Decision', 'DECISION', 3, 4);

-- Workflow 2 Tasks
INSERT INTO WORKFLOW_CONFIG_TASK (TASK_ID, WORKFLOW_ID, NAME, TASK_TYPE, ROLE_ID, SEQUENCE_ORDER)
VALUES (5, 2, 'Upload Audit Files', 'FILE_UPLOAD', 4, 1);

INSERT INTO WORKFLOW_CONFIG_TASK (TASK_ID, WORKFLOW_ID, NAME, TASK_TYPE, ROLE_ID, SEQUENCE_ORDER)
VALUES (6, 2, 'Review Audit Data', 'FILE_UPDATE', 5, 2);

INSERT INTO WORKFLOW_CONFIG_TASK (TASK_ID, WORKFLOW_ID, NAME, TASK_TYPE, ROLE_ID, SEQUENCE_ORDER)
VALUES (7, 2, 'Audit Decision', 'DECISION', 3, 3);

-- Workflow 3 Tasks
INSERT INTO WORKFLOW_CONFIG_TASK (TASK_ID, WORKFLOW_ID, NAME, TASK_TYPE, ROLE_ID, SEQUENCE_ORDER)
VALUES (8, 3, 'Upload Document', 'FILE_UPLOAD', 6, 1);

INSERT INTO WORKFLOW_CONFIG_TASK (TASK_ID, WORKFLOW_ID, NAME, TASK_TYPE, ROLE_ID, SEQUENCE_ORDER)
VALUES (9, 3, 'Review Document', 'FILE_UPDATE', 7, 2);

INSERT INTO WORKFLOW_CONFIG_TASK (TASK_ID, WORKFLOW_ID, NAME, TASK_TYPE, ROLE_ID, SEQUENCE_ORDER)
VALUES (10, 3, 'Approve Document', 'DECISION', 1, 3);

-- Workflow 4 Tasks
INSERT INTO WORKFLOW_CONFIG_TASK (TASK_ID, WORKFLOW_ID, NAME, TASK_TYPE, ROLE_ID, SEQUENCE_ORDER)
VALUES (11, 4, 'Upload Invoice', 'FILE_UPLOAD', 2, 1);

INSERT INTO WORKFLOW_CONFIG_TASK (TASK_ID, WORKFLOW_ID, NAME, TASK_TYPE, ROLE_ID, SEQUENCE_ORDER)
VALUES (12, 4, 'Validate Invoice', 'FILE_UPDATE', 4, 2);

INSERT INTO WORKFLOW_CONFIG_TASK (TASK_ID, WORKFLOW_ID, NAME, TASK_TYPE, ROLE_ID, SEQUENCE_ORDER)
VALUES (13, 4, 'Manager Approval', 'DECISION', 5, 3);

------------------------------------------------------------
-- WORKFLOW CONFIG TASK FILES
------------------------------------------------------------
-- Workflow 1
INSERT INTO WORKFLOW_CONFIG_TASK_FILE (FILE_ID, TASK_ID, FILE_NAME, FILE_PATH, ACTION_TYPE, CREATED_BY, CREATED_AT)
VALUES (1, 1, 'raw_july.xlsx', '/data/uploads/', 'UPLOAD', 'system', CURRENT_TIMESTAMP);

INSERT INTO WORKFLOW_CONFIG_TASK_FILE (FILE_ID, TASK_ID, FILE_NAME, FILE_PATH, ACTION_TYPE, CREATED_BY, CREATED_AT)
VALUES (2, 2, 'raw_july_updated.xlsx', '/data/uploads/', 'UPDATE', 'system', CURRENT_TIMESTAMP);

INSERT INTO WORKFLOW_CONFIG_TASK_FILE (FILE_ID, TASK_ID, FILE_NAME, FILE_PATH, ACTION_TYPE, CREATED_BY, CREATED_AT)
VALUES (3, 3, 'monthly_report_july.xlsx', '/data/consolidated/', 'CONSOLIDATE', 'system', CURRENT_TIMESTAMP);

INSERT INTO WORKFLOW_CONFIG_TASK_FILE (FILE_ID, TASK_ID, FILE_NAME, FILE_PATH, ACTION_TYPE, CREATED_BY, CREATED_AT)
VALUES (4, 4, 'monthly_report_july.xlsx', '/data/consolidated/', 'UPLOAD', 'system', CURRENT_TIMESTAMP);

-- Workflow 2
INSERT INTO WORKFLOW_CONFIG_TASK_FILE (FILE_ID, TASK_ID, FILE_NAME, FILE_PATH, ACTION_TYPE, CREATED_BY, CREATED_AT)
VALUES (5, 5, 'audit_q2.xlsx', '/audit/uploads/', 'UPLOAD', 'system', CURRENT_TIMESTAMP);

INSERT INTO WORKFLOW_CONFIG_TASK_FILE (FILE_ID, TASK_ID, FILE_NAME, FILE_PATH, ACTION_TYPE, CREATED_BY, CREATED_AT)
VALUES (6, 6, 'audit_q2_updated.xlsx', '/audit/uploads/', 'UPDATE', 'system', CURRENT_TIMESTAMP);

INSERT INTO WORKFLOW_CONFIG_TASK_FILE (FILE_ID, TASK_ID, FILE_NAME, FILE_PATH, ACTION_TYPE, CREATED_BY, CREATED_AT)
VALUES (7, 7, 'audit_q2_final.xlsx', '/audit/consolidated/', 'UPLOAD', 'system', CURRENT_TIMESTAMP);

-- Workflow 3
INSERT INTO WORKFLOW_CONFIG_TASK_FILE (FILE_ID, TASK_ID, FILE_NAME, FILE_PATH, ACTION_TYPE, CREATED_BY, CREATED_AT)
VALUES (8, 8, 'policy_document.pdf', '/docs/uploads/', 'UPLOAD', 'system', CURRENT_TIMESTAMP);

INSERT INTO WORKFLOW_CONFIG_TASK_FILE (FILE_ID, TASK_ID, FILE_NAME, FILE_PATH, ACTION_TYPE, CREATED_BY, CREATED_AT)
VALUES (9, 9, 'policy_document_reviewed.pdf', '/docs/uploads/', 'UPDATE', 'system', CURRENT_TIMESTAMP);

-- Workflow 4
INSERT INTO WORKFLOW_CONFIG_TASK_FILE (FILE_ID, TASK_ID, FILE_NAME, FILE_PATH, ACTION_TYPE, CREATED_BY, CREATED_AT)
VALUES (10, 11, 'invoice_001.pdf', '/invoices/uploads/', 'UPLOAD', 'system', CURRENT_TIMESTAMP);

INSERT INTO WORKFLOW_CONFIG_TASK_FILE (FILE_ID, TASK_ID, FILE_NAME, FILE_PATH, ACTION_TYPE, CREATED_BY, CREATED_AT)
VALUES (11, 12, 'invoice_001_validated.pdf', '/invoices/uploads/', 'UPDATE', 'system', CURRENT_TIMESTAMP);

------------------------------------------------------------
-- CALENDARS
------------------------------------------------------------
INSERT INTO WORKFLOW_CALENDAR (CALENDAR_ID, CALENDAR_NAME, DESCRIPTION, START_DATE, END_DATE, RECURRENCE, CREATED_BY, CREATED_AT)
VALUES (1, 'US Business Days 2025', 'Standard US business calendar excluding holidays and weekends', '2025-01-01', '2025-12-31', 'YEARLY', 'system', CURRENT_TIMESTAMP);

INSERT INTO WORKFLOW_CALENDAR (CALENDAR_ID, CALENDAR_NAME, DESCRIPTION, START_DATE, END_DATE, RECURRENCE, CREATED_BY, CREATED_AT)
VALUES (2, 'Monthly Finance Calendar', 'Calendar for monthly finance workflows', '2025-01-01', '2025-12-31', 'MONTHLY', 'system', CURRENT_TIMESTAMP);

INSERT INTO WORKFLOW_CALENDAR (CALENDAR_ID, CALENDAR_NAME, DESCRIPTION, START_DATE, END_DATE, RECURRENCE, CREATED_BY, CREATED_AT)
VALUES (3, 'Weekly Review Calendar', 'Calendar for weekly review workflows', '2025-01-01', '2025-12-31', 'WEEKLY', 'system', CURRENT_TIMESTAMP);

------------------------------------------------------------
-- CALENDAR DAYS (HOLIDAYS)
------------------------------------------------------------
INSERT INTO WORKFLOW_CALENDAR_DAYS (CALENDAR_DAY_ID, CALENDAR_ID, DAY_DATE, DAY_TYPE, NOTE)
VALUES (1, 1, '2025-01-01', 'HOLIDAY', 'New Year''s Day');

INSERT INTO WORKFLOW_CALENDAR_DAYS (CALENDAR_DAY_ID, CALENDAR_ID, DAY_DATE, DAY_TYPE, NOTE)
VALUES (2, 1, '2025-01-20', 'HOLIDAY', 'Martin Luther King Jr. Day');

INSERT INTO WORKFLOW_CALENDAR_DAYS (CALENDAR_DAY_ID, CALENDAR_ID, DAY_DATE, DAY_TYPE, NOTE)
VALUES (3, 1, '2025-02-17', 'HOLIDAY', 'Presidents'' Day');

INSERT INTO WORKFLOW_CALENDAR_DAYS (CALENDAR_DAY_ID, CALENDAR_ID, DAY_DATE, DAY_TYPE, NOTE)
VALUES (4, 1, '2025-05-26', 'HOLIDAY', 'Memorial Day');

INSERT INTO WORKFLOW_CALENDAR_DAYS (CALENDAR_DAY_ID, CALENDAR_ID, DAY_DATE, DAY_TYPE, NOTE)
VALUES (5, 1, '2025-07-04', 'HOLIDAY', 'Independence Day');

INSERT INTO WORKFLOW_CALENDAR_DAYS (CALENDAR_DAY_ID, CALENDAR_ID, DAY_DATE, DAY_TYPE, NOTE)
VALUES (6, 1, '2025-09-01', 'HOLIDAY', 'Labor Day');

INSERT INTO WORKFLOW_CALENDAR_DAYS (CALENDAR_DAY_ID, CALENDAR_ID, DAY_DATE, DAY_TYPE, NOTE)
VALUES (7, 1, '2025-10-13', 'HOLIDAY', 'Columbus Day');

INSERT INTO WORKFLOW_CALENDAR_DAYS (CALENDAR_DAY_ID, CALENDAR_ID, DAY_DATE, DAY_TYPE, NOTE)
VALUES (8, 1, '2025-11-11', 'HOLIDAY', 'Veterans Day');

INSERT INTO WORKFLOW_CALENDAR_DAYS (CALENDAR_DAY_ID, CALENDAR_ID, DAY_DATE, DAY_TYPE, NOTE)
VALUES (9, 1, '2025-11-27', 'HOLIDAY', 'Thanksgiving Day');

INSERT INTO WORKFLOW_CALENDAR_DAYS (CALENDAR_DAY_ID, CALENDAR_ID, DAY_DATE, DAY_TYPE, NOTE)
VALUES (10, 1, '2025-12-25', 'HOLIDAY', 'Christmas Day');

------------------------------------------------------------
-- CALENDAR DAYS (RUNDAYS - Monthly Finance)
------------------------------------------------------------
INSERT INTO WORKFLOW_CALENDAR_DAYS (CALENDAR_DAY_ID, CALENDAR_ID, DAY_DATE, DAY_TYPE, NOTE)
VALUES (11, 2, '2025-01-31', 'RUNDAY', 'January month-end');

INSERT INTO WORKFLOW_CALENDAR_DAYS (CALENDAR_DAY_ID, CALENDAR_ID, DAY_DATE, DAY_TYPE, NOTE)
VALUES (12, 2, '2025-02-28', 'RUNDAY', 'February month-end');

INSERT INTO WORKFLOW_CALENDAR_DAYS (CALENDAR_DAY_ID, CALENDAR_ID, DAY_DATE, DAY_TYPE, NOTE)
VALUES (13, 2, '2025-03-31', 'RUNDAY', 'March month-end');

INSERT INTO WORKFLOW_CALENDAR_DAYS (CALENDAR_DAY_ID, CALENDAR_ID, DAY_DATE, DAY_TYPE, NOTE)
VALUES (14, 2, '2025-04-30', 'RUNDAY', 'April month-end');

INSERT INTO WORKFLOW_CALENDAR_DAYS (CALENDAR_DAY_ID, CALENDAR_ID, DAY_DATE, DAY_TYPE, NOTE)
VALUES (15, 2, '2025-05-31', 'RUNDAY', 'May month-end');

------------------------------------------------------------
-- TASK DECISION OUTCOMES
------------------------------------------------------------
-- Workflow 1
INSERT INTO TASK_DECISION_OUTCOME (OUTCOME_ID, TASK_ID, OUTCOME_NAME, OUTCOME_DESCRIPTION, NEXT_ACTION, TARGET_TASK_ID, IS_ACTIVE, CREATED_BY, CREATED_ON)
VALUES (1, 4, 'Approved', 'Monthly report approved for publication', 'CONTINUE', NULL, 'Y', 'system', CURRENT_TIMESTAMP);

INSERT INTO TASK_DECISION_OUTCOME (OUTCOME_ID, TASK_ID, OUTCOME_NAME, OUTCOME_DESCRIPTION, NEXT_ACTION, TARGET_TASK_ID, IS_ACTIVE, CREATED_BY, CREATED_ON)
VALUES (2, 4, 'Needs Rework', 'Report requires additional data and corrections', 'REVISE', 2, 'Y', 'system', CURRENT_TIMESTAMP);

-- Workflow 2
INSERT INTO TASK_DECISION_OUTCOME (OUTCOME_ID, TASK_ID, OUTCOME_NAME, OUTCOME_DESCRIPTION, NEXT_ACTION, TARGET_TASK_ID, IS_ACTIVE, CREATED_BY, CREATED_ON)
VALUES (3, 7, 'Approved', 'Audit report approved for submission', 'CONTINUE', NULL, 'Y', 'system', CURRENT_TIMESTAMP);

INSERT INTO TASK_DECISION_OUTCOME (OUTCOME_ID, TASK_ID, OUTCOME_NAME, OUTCOME_DESCRIPTION, NEXT_ACTION, TARGET_TASK_ID, IS_ACTIVE, CREATED_BY, CREATED_ON)
VALUES (4, 7, 'Rework Required', 'Audit findings need clarification', 'REVISE', 6, 'Y', 'system', CURRENT_TIMESTAMP);

-- Workflow 3
INSERT INTO TASK_DECISION_OUTCOME (OUTCOME_ID, TASK_ID, OUTCOME_NAME, OUTCOME_DESCRIPTION, NEXT_ACTION, TARGET_TASK_ID, IS_ACTIVE, CREATED_BY, CREATED_ON)
VALUES (5, 10, 'Approved', 'Document approved for publication', 'CONTINUE', NULL, 'Y', 'system', CURRENT_TIMESTAMP);

INSERT INTO TASK_DECISION_OUTCOME (OUTCOME_ID, TASK_ID, OUTCOME_NAME, OUTCOME_DESCRIPTION, NEXT_ACTION, TARGET_TASK_ID, IS_ACTIVE, CREATED_BY, CREATED_ON)
VALUES (6, 10, 'Rejected', 'Document does not meet quality standards', 'STOP', NULL, 'Y', 'system', CURRENT_TIMESTAMP);

-- Workflow 4
INSERT INTO TASK_DECISION_OUTCOME (OUTCOME_ID, TASK_ID, OUTCOME_NAME, OUTCOME_DESCRIPTION, NEXT_ACTION, TARGET_TASK_ID, IS_ACTIVE, CREATED_BY, CREATED_ON)
VALUES (7, 13, 'Approved', 'Invoice approved for payment', 'CONTINUE', NULL, 'Y', 'system', CURRENT_TIMESTAMP);

INSERT INTO TASK_DECISION_OUTCOME (OUTCOME_ID, TASK_ID, OUTCOME_NAME, OUTCOME_DESCRIPTION, NEXT_ACTION, TARGET_TASK_ID, IS_ACTIVE, CREATED_BY, CREATED_ON)
VALUES (8, 13, 'Rejected', 'Invoice contains errors and cannot be processed', 'STOP', NULL, 'Y', 'system', CURRENT_TIMESTAMP);

------------------------------------------------------------
-- WORKFLOW INSTANCES (EXECUTION SCENARIOS)
------------------------------------------------------------
-- Workflow 1 instances - Multiple scenarios
INSERT INTO WORKFLOW_INSTANCE (INSTANCE_ID, WORKFLOW_ID, STATUS, STARTED_BY, STARTED_ON, CALENDAR_ID)
VALUES (1, 1, 'IN_PROGRESS', 1, DATEADD('HOUR', -2, CURRENT_TIMESTAMP), 2);

INSERT INTO WORKFLOW_INSTANCE (INSTANCE_ID, WORKFLOW_ID, STATUS, STARTED_BY, STARTED_ON, CALENDAR_ID)
VALUES (2, 1, 'COMPLETED', 1, DATEADD('DAY', -1, CURRENT_TIMESTAMP), 2);

INSERT INTO WORKFLOW_INSTANCE (INSTANCE_ID, WORKFLOW_ID, STATUS, STARTED_BY, STARTED_ON, CALENDAR_ID)
VALUES (3, 1, 'PENDING', 1, CURRENT_TIMESTAMP, 2);

INSERT INTO WORKFLOW_INSTANCE (INSTANCE_ID, WORKFLOW_ID, STATUS, STARTED_BY, STARTED_ON, CALENDAR_ID)
VALUES (4, 1, 'FAILED', 1, DATEADD('HOUR', -4, CURRENT_TIMESTAMP), 2);

-- Workflow 2 instances
INSERT INTO WORKFLOW_INSTANCE (INSTANCE_ID, WORKFLOW_ID, STATUS, STARTED_BY, STARTED_ON, CALENDAR_ID)
VALUES (5, 2, 'IN_PROGRESS', 4, DATEADD('HOUR', -1, CURRENT_TIMESTAMP), 1);

INSERT INTO WORKFLOW_INSTANCE (INSTANCE_ID, WORKFLOW_ID, STATUS, STARTED_BY, STARTED_ON, CALENDAR_ID)
VALUES (6, 2, 'PENDING', 4, CURRENT_TIMESTAMP, 1);

-- Workflow 3 instances
INSERT INTO WORKFLOW_INSTANCE (INSTANCE_ID, WORKFLOW_ID, STATUS, STARTED_BY, STARTED_ON, CALENDAR_ID)
VALUES (7, 3, 'IN_PROGRESS', 6, DATEADD('HOUR', -3, CURRENT_TIMESTAMP), 3);

INSERT INTO WORKFLOW_INSTANCE (INSTANCE_ID, WORKFLOW_ID, STATUS, STARTED_BY, STARTED_ON, CALENDAR_ID)
VALUES (8, 3, 'COMPLETED', 6, DATEADD('DAY', -2, CURRENT_TIMESTAMP), 3);

-- Workflow 4 instances
INSERT INTO WORKFLOW_INSTANCE (INSTANCE_ID, WORKFLOW_ID, STATUS, STARTED_BY, STARTED_ON, CALENDAR_ID)
VALUES (9, 4, 'IN_PROGRESS', 2, DATEADD('HOUR', -30, CURRENT_TIMESTAMP), 1);

INSERT INTO WORKFLOW_INSTANCE (INSTANCE_ID, WORKFLOW_ID, STATUS, STARTED_BY, STARTED_ON, CALENDAR_ID)
VALUES (10, 4, 'ESCALATED', 2, DATEADD('HOUR', -48, CURRENT_TIMESTAMP), 1);

------------------------------------------------------------
-- INSTANCE TASKS (EXECUTION SCENARIOS)
------------------------------------------------------------
-- Workflow 1 Instance 1 (IN_PROGRESS) - Alice working on it
INSERT INTO WORKFLOW_INSTANCE_TASK (INSTANCE_TASK_ID, INSTANCE_ID, TASK_ID, STATUS, ASSIGNED_TO, STARTED_ON)
VALUES (1, 1, 1, 'COMPLETED', 1, DATEADD('HOUR', -2, CURRENT_TIMESTAMP));

INSERT INTO WORKFLOW_INSTANCE_TASK (INSTANCE_TASK_ID, INSTANCE_ID, TASK_ID, STATUS, ASSIGNED_TO, STARTED_ON)
VALUES (2, 1, 2, 'IN_PROGRESS', 2, DATEADD('HOUR', -1, CURRENT_TIMESTAMP));

INSERT INTO WORKFLOW_INSTANCE_TASK (INSTANCE_TASK_ID, INSTANCE_ID, TASK_ID, STATUS, ASSIGNED_TO, STARTED_ON)
VALUES (3, 1, 3, 'PENDING', 2, NULL);

INSERT INTO WORKFLOW_INSTANCE_TASK (INSTANCE_TASK_ID, INSTANCE_ID, TASK_ID, STATUS, ASSIGNED_TO, STARTED_ON)
VALUES (4, 1, 4, 'PENDING', 3, NULL);

-- Workflow 1 Instance 2 (COMPLETED) - Successfully completed
INSERT INTO WORKFLOW_INSTANCE_TASK (INSTANCE_TASK_ID, INSTANCE_ID, TASK_ID, STATUS, ASSIGNED_TO, STARTED_ON, COMPLETED_ON)
VALUES (5, 2, 1, 'COMPLETED', 1, DATEADD('DAY', -1, CURRENT_TIMESTAMP), DATEADD('HOUR', -23, CURRENT_TIMESTAMP));

INSERT INTO WORKFLOW_INSTANCE_TASK (INSTANCE_TASK_ID, INSTANCE_ID, TASK_ID, STATUS, ASSIGNED_TO, STARTED_ON, COMPLETED_ON)
VALUES (6, 2, 2, 'COMPLETED', 2, DATEADD('HOUR', -23, CURRENT_TIMESTAMP), DATEADD('HOUR', -22, CURRENT_TIMESTAMP));

INSERT INTO WORKFLOW_INSTANCE_TASK (INSTANCE_TASK_ID, INSTANCE_ID, TASK_ID, STATUS, ASSIGNED_TO, STARTED_ON, COMPLETED_ON)
VALUES (7, 2, 3, 'COMPLETED', 2, DATEADD('HOUR', -22, CURRENT_TIMESTAMP), DATEADD('HOUR', -21, CURRENT_TIMESTAMP));

INSERT INTO WORKFLOW_INSTANCE_TASK (INSTANCE_TASK_ID, INSTANCE_ID, TASK_ID, STATUS, ASSIGNED_TO, STARTED_ON, COMPLETED_ON)
VALUES (8, 2, 4, 'COMPLETED', 3, DATEADD('HOUR', -21, CURRENT_TIMESTAMP), DATEADD('HOUR', -20, CURRENT_TIMESTAMP));

-- Workflow 1 Instance 3 (PENDING) - Just started
INSERT INTO WORKFLOW_INSTANCE_TASK (INSTANCE_TASK_ID, INSTANCE_ID, TASK_ID, STATUS, ASSIGNED_TO, STARTED_ON)
VALUES (9, 3, 1, 'PENDING', 1, NULL);

INSERT INTO WORKFLOW_INSTANCE_TASK (INSTANCE_TASK_ID, INSTANCE_ID, TASK_ID, STATUS, ASSIGNED_TO, STARTED_ON)
VALUES (10, 3, 2, 'PENDING', 2, NULL);

INSERT INTO WORKFLOW_INSTANCE_TASK (INSTANCE_TASK_ID, INSTANCE_ID, TASK_ID, STATUS, ASSIGNED_TO, STARTED_ON)
VALUES (11, 3, 3, 'PENDING', 2, NULL);

INSERT INTO WORKFLOW_INSTANCE_TASK (INSTANCE_TASK_ID, INSTANCE_ID, TASK_ID, STATUS, ASSIGNED_TO, STARTED_ON)
VALUES (12, 3, 4, 'PENDING', 3, NULL);

-- Workflow 1 Instance 4 (FAILED) - Failed during execution
INSERT INTO WORKFLOW_INSTANCE_TASK (INSTANCE_TASK_ID, INSTANCE_ID, TASK_ID, STATUS, ASSIGNED_TO, STARTED_ON, COMPLETED_ON)
VALUES (13, 4, 1, 'COMPLETED', 1, DATEADD('HOUR', -4, CURRENT_TIMESTAMP), DATEADD('HOUR', -3, CURRENT_TIMESTAMP));

INSERT INTO WORKFLOW_INSTANCE_TASK (INSTANCE_TASK_ID, INSTANCE_ID, TASK_ID, STATUS, ASSIGNED_TO, STARTED_ON, REASON)
VALUES (14, 4, 2, 'FAILED', 2, DATEADD('HOUR', -3, CURRENT_TIMESTAMP), 'Data validation failed due to missing required fields');

-- Workflow 2 Instance 5 (IN_PROGRESS) - David working on audit
INSERT INTO WORKFLOW_INSTANCE_TASK (INSTANCE_TASK_ID, INSTANCE_ID, TASK_ID, STATUS, ASSIGNED_TO, STARTED_ON)
VALUES (15, 5, 5, 'COMPLETED', 4, DATEADD('HOUR', -1, CURRENT_TIMESTAMP));

INSERT INTO WORKFLOW_INSTANCE_TASK (INSTANCE_TASK_ID, INSTANCE_ID, TASK_ID, STATUS, ASSIGNED_TO, STARTED_ON)
VALUES (16, 5, 6, 'IN_PROGRESS', 5, DATEADD('MINUTE', -30, CURRENT_TIMESTAMP));

INSERT INTO WORKFLOW_INSTANCE_TASK (INSTANCE_TASK_ID, INSTANCE_ID, TASK_ID, STATUS, ASSIGNED_TO, STARTED_ON)
VALUES (17, 5, 7, 'PENDING', 3, NULL);

-- Workflow 3 Instance 7 (IN_PROGRESS) - Frank working on document
INSERT INTO WORKFLOW_INSTANCE_TASK (INSTANCE_TASK_ID, INSTANCE_ID, TASK_ID, STATUS, ASSIGNED_TO, STARTED_ON)
VALUES (18, 7, 8, 'COMPLETED', 6, DATEADD('HOUR', -3, CURRENT_TIMESTAMP));

INSERT INTO WORKFLOW_INSTANCE_TASK (INSTANCE_TASK_ID, INSTANCE_ID, TASK_ID, STATUS, ASSIGNED_TO, STARTED_ON)
VALUES (19, 7, 9, 'IN_PROGRESS', 7, DATEADD('HOUR', -2, CURRENT_TIMESTAMP));

INSERT INTO WORKFLOW_INSTANCE_TASK (INSTANCE_TASK_ID, INSTANCE_ID, TASK_ID, STATUS, ASSIGNED_TO, STARTED_ON)
VALUES (20, 7, 10, 'PENDING', 1, NULL);

-- Workflow 4 Instance 9 (IN_PROGRESS) - Bob working on invoice
INSERT INTO WORKFLOW_INSTANCE_TASK (INSTANCE_TASK_ID, INSTANCE_ID, TASK_ID, STATUS, ASSIGNED_TO, STARTED_ON)
VALUES (21, 9, 11, 'COMPLETED', 2, DATEADD('HOUR', -30, CURRENT_TIMESTAMP));

INSERT INTO WORKFLOW_INSTANCE_TASK (INSTANCE_TASK_ID, INSTANCE_ID, TASK_ID, STATUS, ASSIGNED_TO, STARTED_ON)
VALUES (22, 9, 12, 'IN_PROGRESS', 4, DATEADD('MINUTE', -15, CURRENT_TIMESTAMP));

INSERT INTO WORKFLOW_INSTANCE_TASK (INSTANCE_TASK_ID, INSTANCE_ID, TASK_ID, STATUS, ASSIGNED_TO, STARTED_ON)
VALUES (23, 9, 13, 'PENDING', 5, NULL);

-- Workflow 4 Instance 10 (ESCALATED) - Escalated to manager
INSERT INTO WORKFLOW_INSTANCE_TASK (INSTANCE_TASK_ID, INSTANCE_ID, TASK_ID, STATUS, ASSIGNED_TO, STARTED_ON)
VALUES (24, 10, 11, 'COMPLETED', 2, DATEADD('HOUR', -48, CURRENT_TIMESTAMP));

INSERT INTO WORKFLOW_INSTANCE_TASK (INSTANCE_TASK_ID, INSTANCE_ID, TASK_ID, STATUS, ASSIGNED_TO, STARTED_ON)
VALUES (25, 10, 12, 'COMPLETED', 4, DATEADD('HOUR', -47, CURRENT_TIMESTAMP));

INSERT INTO WORKFLOW_INSTANCE_TASK (INSTANCE_TASK_ID, INSTANCE_ID, TASK_ID, STATUS, ASSIGNED_TO, STARTED_ON)
VALUES (26, 10, 13, 'ESCALATED', 5, DATEADD('HOUR', -46, CURRENT_TIMESTAMP));

------------------------------------------------------------
-- INSTANCE TASK FILES (EXECUTION FILES)
------------------------------------------------------------
-- Workflow 1 Instance 1 files
INSERT INTO WORKFLOW_INSTANCE_TASK_FILE (INSTANCE_FILE_ID, INSTANCE_TASK_ID, VERSION, FILE_NAME, FILE_PATH, ACTION_TYPE, CREATED_BY, CREATED_AT)
VALUES (1, 1, 1, 'raw_july_instance1.xlsx', '/data/uploads/instance1/', 'UPLOAD', 'alice', DATEADD('HOUR', -2, CURRENT_TIMESTAMP));

INSERT INTO WORKFLOW_INSTANCE_TASK_FILE (INSTANCE_FILE_ID, INSTANCE_TASK_ID, VERSION, FILE_NAME, FILE_PATH, ACTION_TYPE, CREATED_BY, CREATED_AT)
VALUES (2, 2, 1, 'raw_july_instance1_reviewed.xlsx', '/data/uploads/instance1/', 'UPDATE', 'bob', DATEADD('HOUR', -1, CURRENT_TIMESTAMP));

-- Workflow 1 Instance 2 files (completed)
INSERT INTO WORKFLOW_INSTANCE_TASK_FILE (INSTANCE_FILE_ID, INSTANCE_TASK_ID, VERSION, FILE_NAME, FILE_PATH, ACTION_TYPE, CREATED_BY, CREATED_AT)
VALUES (3, 5, 1, 'raw_july_instance2.xlsx', '/data/uploads/instance2/', 'UPLOAD', 'alice', DATEADD('DAY', -1, CURRENT_TIMESTAMP));

INSERT INTO WORKFLOW_INSTANCE_TASK_FILE (INSTANCE_FILE_ID, INSTANCE_TASK_ID, VERSION, FILE_NAME, FILE_PATH, ACTION_TYPE, CREATED_BY, CREATED_AT)
VALUES (4, 6, 1, 'raw_july_instance2_reviewed.xlsx', '/data/uploads/instance2/', 'UPDATE', 'bob', DATEADD('HOUR', -23, CURRENT_TIMESTAMP));

INSERT INTO WORKFLOW_INSTANCE_TASK_FILE (INSTANCE_FILE_ID, INSTANCE_TASK_ID, VERSION, FILE_NAME, FILE_PATH, ACTION_TYPE, CREATED_BY, CREATED_AT)
VALUES (5, 7, 1, 'monthly_report_july_instance2.xlsx', '/data/consolidated/instance2/', 'CONSOLIDATE', 'bob', DATEADD('HOUR', -21, CURRENT_TIMESTAMP));

-- Workflow 2 Instance 5 files
INSERT INTO WORKFLOW_INSTANCE_TASK_FILE (INSTANCE_FILE_ID, INSTANCE_TASK_ID, VERSION, FILE_NAME, FILE_PATH, ACTION_TYPE, CREATED_BY, CREATED_AT)
VALUES (6, 15, 1, 'audit_q2_instance5.xlsx', '/audit/uploads/instance5/', 'UPLOAD', 'david', DATEADD('HOUR', -1, CURRENT_TIMESTAMP));

-- Workflow 3 Instance 7 files
INSERT INTO WORKFLOW_INSTANCE_TASK_FILE (INSTANCE_FILE_ID, INSTANCE_TASK_ID, VERSION, FILE_NAME, FILE_PATH, ACTION_TYPE, CREATED_BY, CREATED_AT)
VALUES (7, 18, 1, 'policy_doc_instance7.pdf', '/docs/uploads/instance7/', 'UPLOAD', 'frank', DATEADD('HOUR', -3, CURRENT_TIMESTAMP));

-- Workflow 4 Instance 9 files
INSERT INTO WORKFLOW_INSTANCE_TASK_FILE (INSTANCE_FILE_ID, INSTANCE_TASK_ID, VERSION, FILE_NAME, FILE_PATH, ACTION_TYPE, CREATED_BY, CREATED_AT)
VALUES (8, 21, 1, 'invoice_001_instance9.pdf', '/invoices/uploads/instance9/', 'UPLOAD', 'bob', DATEADD('HOUR', -30, CURRENT_TIMESTAMP));

-- Add some file versions for testing versioning
INSERT INTO WORKFLOW_INSTANCE_TASK_FILE (INSTANCE_FILE_ID, INSTANCE_TASK_ID, VERSION, FILE_NAME, FILE_PATH, ACTION_TYPE, CREATED_BY, CREATED_AT)
VALUES (1, 1, 2, 'raw_july_instance1_v2.xlsx', '/data/uploads/instance1/', 'UPDATE', 'alice', DATEADD('HOUR', -1, CURRENT_TIMESTAMP));

INSERT INTO WORKFLOW_INSTANCE_TASK_FILE (INSTANCE_FILE_ID, INSTANCE_TASK_ID, VERSION, FILE_NAME, FILE_PATH, ACTION_TYPE, CREATED_BY, CREATED_AT)
VALUES (6, 15, 2, 'audit_q2_instance5_v2.xlsx', '/audit/uploads/instance5/', 'UPDATE', 'david', DATEADD('MINUTE', -30, CURRENT_TIMESTAMP));

------------------------------------------------------------
-- INSTANCE DECISION OUTCOMES (EXECUTION DECISIONS)
------------------------------------------------------------
-- Workflow 1 Instance 2 (completed) decisions
INSERT INTO TASK_INSTANCE_DECISION_OUTCOME (OUTCOME_ID, INSTANCE_TASK_ID, OUTCOME_NAME, OUTCOME_DESCRIPTION, NEXT_ACTION, NEXT_INSTANCE_TASK_ID, PRIOR_INSTANCE_TASK_ID, CREATED_BY, CREATED_AT)
VALUES (1, 8, 'Approved', 'Monthly report approved for publication', 'CONTINUE', NULL, 7, 'carol', DATEADD('HOUR', -20, CURRENT_TIMESTAMP));

-- Workflow 4 Instance 10 (escalated) decisions
INSERT INTO TASK_INSTANCE_DECISION_OUTCOME (OUTCOME_ID, INSTANCE_TASK_ID, OUTCOME_NAME, OUTCOME_DESCRIPTION, NEXT_ACTION, NEXT_INSTANCE_TASK_ID, PRIOR_INSTANCE_TASK_ID, CREATED_BY, CREATED_AT)
VALUES (2, 26, 'Escalated', 'Invoice requires manager approval due to high amount', 'ESCALATE', NULL, 25, 'eve', DATEADD('HOUR', -46, CURRENT_TIMESTAMP));

------------------------------------------------------------
-- ADDITIONAL TESTING SCENARIOS
------------------------------------------------------------
-- Overdue tasks for testing escalation
INSERT INTO WORKFLOW_INSTANCE_TASK (INSTANCE_TASK_ID, INSTANCE_ID, TASK_ID, STATUS, ASSIGNED_TO, STARTED_ON)
VALUES (27, 1, 2, 'IN_PROGRESS', 2, DATEADD('HOUR', -3, CURRENT_TIMESTAMP)); -- Overdue task

-- Parallel tasks for testing concurrent execution
INSERT INTO WORKFLOW_INSTANCE_TASK (INSTANCE_TASK_ID, INSTANCE_ID, TASK_ID, STATUS, ASSIGNED_TO, STARTED_ON)
VALUES (28, 5, 6, 'IN_PROGRESS', 5, DATEADD('MINUTE', -45, CURRENT_TIMESTAMP)); -- Parallel with task 16

-- Failed tasks for testing error handling
INSERT INTO WORKFLOW_INSTANCE_TASK (INSTANCE_TASK_ID, INSTANCE_ID, TASK_ID, STATUS, ASSIGNED_TO, STARTED_ON)
VALUES (29, 4, 3, 'FAILED', 2, DATEADD('HOUR', -2, CURRENT_TIMESTAMP)); -- Failed consolidation task
